Cross-Reference No.,Item No.,Description,FINAL GROSS Unit Price,DOH CEILING PRICE,DISC,net of disc,FINAL NET PRICE,VAT Product Posting Group,DIVISION,Standard Cost
307622.0,IP0000199,DIVALGEN 250MG ERT-RELEASE TAB,209.0,180.0,62.7,146.3,130.625,GOODS12,BU4,41.07
606152.0,IP0000017,LEVIT 500MG FCTABLET x 60's,2550.0,2280.0,765.0,1785.0,1593.75,GOODS12,BU4,535.71
802327.0,IP0000208,LOXENIL 600MG FCTABLET x10's,17850.0,18750.0,5355.0,12495.0,11156.25,GOODS12,BU2,714.29
606297.0,IP0000037,ZEFUR 500MG FCTABLET x 40's,2110.0,1928.57,633.0,1477.0,1318.75,GOODS12,BU2,464.29
307603.0,IP0000064,AMLODINE 10MG TABLET x 30's,400.5,581.92,120.15,280.35,280.35,EXEMPT,BU1,80.36
307602.0,IP0000065,AMLODINE 5MG TABLET x 30's,254.1,309.38,76.23,177.87,177.87,EXEMPT,BU1,46.88
307606.0,IP0000080,AMLODINE PLUS 5MG/100MG x 30's,776.79,776.79,233.037,543.753,543.753,EXEMPT,BU1,133.93
307609.0,IP0000079,AMLODINE PLUS 5MG/50MG x 30's,585.0,585.0,175.5,409.5,409.5,EXEMPT,BU1,80.36
307600.0,IP0000048,ATOR-10 10MG FCTABLET x 30's,375.0,375.0,112.5,262.5,262.5,EXEMPT,BU1,46.88
307601.0,IP0000049,ATOR-20 20MG FCTABLET x 30's,495.0,642.86,148.5,346.5,346.5,EXEMPT,BU1,107.14
307604.0,IP0000050,ATOR-40 40MG FCTABLET x 24's,546.0,621.43,163.8,382.2,382.2,EXEMPT,BU1,92.79
307605.0,IP0000071,AZI 500MG FCTABLET x 3's,299.64,321.43,89.892,209.748,187.275,GOODS12,BU2,46.88
313708.0,10000003,BIOCOMPLETE FCTablet x 80's,2240.0,2240.0,672.0,1568.0,1400.0,GOODS12,COMMON,
307614.0,IP0000198,BIZYX 2MG TABLET x 100's,1700.0,1600.0,510.0,1190.0,1062.5,GOODS12,BU4,178.57
802269.0,IP0000001,CELEXIB 200MG CAPSULE x 100's,2750.0,2750.0,825.0,1925.0,1718.75,GOODS12,BU2,312.5
802267.0,IP0000002,CELEXIB 200MG CAPSULE x 30's,825.0,825.0,247.5,577.5,515.625,GOODS12,BU2,
802256.0,IP0000074,CELEXIB 400MG CAPSULE x 100's,4500.0,4500.0,1350.0,3150.0,2812.5,GOODS12,BU2,669.64
606073.0,IP0000019,CLAVOXEL 125/31.25/5ML SUSP 60,162.4,0.0,48.72,113.68,101.5,GOODS12,BU2,49.11
606075.0,IP0000020,CLAVOXEL 250/62.5/15ML SUSP 60,228.48,0.0,68.544,159.936,142.8,GOODS12,BU2,78.57
606078.0,IP0000021,CLAVOXEL 250MG/125MG TAB x24's,846.0,0.0,253.8,592.2,528.75,GOODS12,BU2,225.0
606080.0,IP0000022,CLAVOXEL 500MG/125MG TAB x30's,1128.9,0.0,338.67,790.23,705.5625,GOODS12,BU2,321.43
606074.0,IP0000023,CLAVOXEL BID 200/28.5MG/5ML,224.0,0.0,67.2,156.8,140.0,GOODS12,BU2,53.57
309528.0,AIP000017,CLONIGEN 150MG TABLET,2600.0,3035.71,780.0,1820.0,1820.0,EXEMPT,BU1,446.43
309527.0,AIP000013,CLONIGEN 75MCG TABLET x 100's,2050.0,2053.57,615.0,1435.0,1435.0,EXEMPT,BU1,240.0
309525.0,IP0000052,CLOPIVAZ 75MG FCTABLET x 30's,810.0,803.7,243.0,567.0,506.25,GOODS12,BU1,89.29
802258.0,AIP000014,CLOTRIGEN 0.01% CREAM 10G,190.0,0.0,57.0,133.0,118.75,GOODS12,BU2,
802259.0,IP0000084,CLOTRIGEN 0.01% CREAM 3G,78.0,0.0,23.4,54.6,48.75,GOODS12,BU2,
307620.0,IP0000191,COXIGEN-120 120MG FCTAB x 30's,1500.0,0.0,450.0,1050.0,937.5,GOODS12,BU2,209.82
,,COXIGEN-90 90MG FCTAB x 30's,1200.0,0.0,,,,GOODS12,BU2,
309551.0,IP0000086,DESLOGEN 2.5MG/5ML SYRUP 60ML,320.0,320.0,96.0,224.0,200.0,GOODS12,BU2,45.54
309550.0,IP0000013,DESLOGEN 5MG TABLET X 100's,2900.0,2900.0,870.0,2030.0,1812.5,GOODS12,BU2,357.14
307623.0,IP0000200,DIVALGEN 500MG ERT.RELEASE TAB,264.0,230.0,79.2,184.8,165.0,GOODS12,BU4,56.47
307607.0,IP0000078,DONE 10MG FCT x 100's,4000.0,0.0,1200.0,2800.0,2500.0,GOODS12,BU4,
802292.0,IP0000009,DONE-5 5MG FCTABLET x 5's,250.0,0.0,75.0,175.0,156.25,GOODS12,BU4,
244000.0,IP0000171,DOXOPRO 400MG TABLET x 100's,2000.0,2000.0,600.0,1400.0,1250.0,GOODS12,BU2,357.14
606085.0,IP0000016,DUVAGEN 10MG TABLET x 100's,1450.0,0.0,435.0,1015.0,906.25,GOODS12,BU2,
309552.0,IP0000193,ELVIR 300MG CAPSULE x 50's,1500.0,1467.75,450.0,1050.0,937.5,GOODS12,BU4,223.21
802299.0,AIP000010,ENTEGARD 500MCG FCTABLET,8010.0,7980.0,2403.0,5607.0,5006.25,GOODS12,BU4,803.57
802331.0,IP0000062,ESOMEP 20MG FCTABLET x 14's,532.0,518.0,159.6,372.4,332.5,GOODS12,BU4,56.25
802279.0,IP0000003,GABATIN 100MG CAPSULE x 30's,810.0,780.0,243.0,567.0,506.25,GOODS12,BU4,99.11
802280.0,IP0000004,GABATIN 300MG CAPSULE x 30's,900.0,870.0,270.0,630.0,562.5,GOODS12,BU4,160.71
802329.0,IP0000202,INNOCAL 1080MG EXT.RELEASE TAB,401.79,401.79,120.537,281.253,281.253,EXEMPT,BU2,133.93
802330.0,IP0000258,IPA+BENZALKONIUM Cl 50mL x 6's,1080.0,1080.0,324.0,756.0,675.0,GOODS12,BU2,120.54
307612.0,AIP000018,KALIGEN 750MG SR TAB x 50's,1300.0,1300.0,390.0,910.0,812.5,GOODS12,BU1,223.21
606148.0,IP0000024,KIDDIREL DROPS x 15ML,116.0,0.0,34.8,81.2,72.5,GOODS12,GA,
606150.0,IP0000025,KIDDIREL SYRUP x 120ML,205.0,0.0,61.5,143.5,128.125,GOODS12,GA,
307611.0,IP0000189,LESOCARB 500MG CAPSULE x 42's,619.5,0.0,185.85,433.65,387.1875,GOODS12,BU1,331.88
237180.0,IP0000014,LESOFAT 120MG CAPSULE x 20's,700.0,0.0,140.0,560.0,500.0,GOODS12,BU1,437.5
237179.0,IP0000015,LESOFAT 60MG CAP x 20's,595.0,0.0,119.0,476.0,425.0,GOODS12,BU1,371.88
606151.0,IP0000018,LEVIT 1GM FCTABLET x 60's,4260.0,0.0,1278.0,2982.0,2662.5,GOODS12,BU4,
606156.0,IP0000026,LEXYL-OD 750MG FCTABLET x 21's,2864.4,0.0,859.32,2005.08,1790.25,GOODS12,BU2,
606157.0,IP0000028,LORCEF 125MG/5ML SUSP x 60ML,264.0,0.0,79.2,184.8,165.0,GOODS12,BU2,
606159.0,IP0000027,LORCEF 250MG/5ML SUSP x 60ML,409.2,0.0,122.76,286.44,255.75,GOODS12,BU2,
361752.0,IP0000053,LOSARGARD 100MG FCTAB x 30's,512.4,512.4,153.72,358.68,358.68,EXEMPT,BU1,96.43
361751.0,IP0000055,LOSARGARD 50MG FCTAB x 30's,346.21,346.21,103.863,242.347,242.347,EXEMPT,BU1,58.93
361754.0,IP0000056,LOSARGARD PLUS 50MG/12.5MG FCT,388.39,388.39,116.517,271.873,271.873,EXEMPT,BU1,
307684.0,IP0000203,MAXINE 75MG SUST. RELEASE CAPS,1980.0,1968.75,594.0,1386.0,1386.0,EXEMPT,BU4,199.67
237256.0,IP0000029,MONTAIR 10MG FCTABLET x 30's,1080.0,0.0,324.0,756.0,675.0,GOODS12,BU2,90.4
237254.0,IP0000030,MONTAIR 4MG CHEWABLE TAB x30's,555.0,0.0,166.5,388.5,346.875,GOODS12,BU2,73.66
237255.0,IP0000031,MONTAIR 5MG CHEWABLE TAB x30's,720.0,0.0,216.0,504.0,450.0,GOODS12,BU2,77.01
307685.0,IP0000072,MOXIFLOX 400MG FCTABLET x 24's,3828.0,3828.0,1148.4,2679.6,2392.5,GOODS12,BU2,610.71
243847.0,IP0000184,NASOFREE x 10mL,185.7,180.0,55.71,129.99,116.0625,GOODS12,BU2,56.7
243848.0,IP0000046,NEUROPRO 500MG CAPSULE x 100's,5100.0,5100.0,1530.0,3570.0,3187.5,GOODS12,BU2,
243853.0,IP0000005,NUROCER 1200MG FCTAB x 100's,3200.0,3169.64,960.0,2240.0,2240.0,EXEMPT,BU4,285.71
243849.0,IP0000006,NUROCER 400MG CAPSULE x 100's,950.0,937.5,285.0,665.0,665.0,EXEMPT,BU4,125.0
243850.0,IP0000007,NUROCER 800MG FCTABLET x 100's,1900.0,1875.0,570.0,1330.0,1330.0,EXEMPT,BU4,232.14
243861.0,IP0000043,OLANZAPRO 10MG FCTABLET x 30's,1560.0,3535.71,468.0,1092.0,1092.0,EXEMPT,BU4,489.38
243864.0,IP0000196,PLETAXOL 100MG TABLET x 30's,780.0,750.0,234.0,546.0,487.5,GOODS12,BU4,123.21
243865.0,IP0000197,PLETAXOL 50MG TABLET x 30's,420.0,390.0,126.0,294.0,262.5,GOODS12,BU4,73.66
243862.0,IP0000091,POLYDERM 3 5GMS CREAM,379.5,379.5,113.85,265.65,237.1875,GOODS12,BU2,35.71
243866.0,IP0000092,POLYDERM 4 5GMS CREAM,468.5,468.5,140.55,327.95,292.8125,GOODS12,BU2,44.64
307732.0,IP0000254,PREVEN-Z 500MG/10MG CHTABx60's,390.0,390.0,117.0,273.0,243.75,GOODS12,BU2,107.14
307703.0,IP0000096,QUETIAPRO 100MG TABLET x 60's,2880.0,3482.14,864.0,2016.0,2016.0,EXEMPT,BU4,763.39
307700.0,IP0000011,QUETIAPRO 200MG FCTAB x 60's,4680.0,5978.57,1404.0,3276.0,3276.0,EXEMPT,BU4,1084.82
307702.0,IP0000097,QUETIAPRO 25MG TABLET x 60's,1800.0,2100.0,540.0,1260.0,1260.0,EXEMPT,BU4,187.5
307731.0,IP0000195,RABEGEN 20MG/150MG CAPSULEx30',2070.0,1860.0,621.0,1449.0,1293.75,GOODS12,BU4,321.43
307727.0,IP0000066,RAMIPRO 10MG TABLET x 30's,696.43,696.43,208.929,487.501,487.501,EXEMPT,BU1,99.11
307725.0,IP0000067,RAMIPRO 2.5MG TABLET x 30's,401.79,401.79,120.537,281.253,281.253,EXEMPT,BU1,57.14
307726.0,IP0000068,RAMIPRO 5MG TABLET x 30's,468.75,468.75,140.625,328.125,328.125,EXEMPT,BU1,66.96
237155.0,IP0000057,RENOCELL 500MG FCTAB x 30's,2592.86,2592.86,777.858,1815.002,1815.002,EXEMPT,BU1,542.41
307701.0,IP0000095,RISGEN 2MG TABLET x 30's,990.0,964.29,297.0,693.0,693.0,EXEMPT,BU4,120.54
307728.0,IP0000069,RUSTOR 10MG FCTABLET x 30's,885.0,881.4,265.5,619.5,619.5,EXEMPT,BU1,80.4
307730.0,IP0000070,RUSTOR 20MG FCTABLET x 30's,1065.0,1198.5,319.5,745.5,745.5,EXEMPT,BU1,133.93
606231.0,IP0000034,SALMEFLO 25MCG/50MCG MDI,323.4,323.4,97.02,226.38,202.125,GOODS12,BU2,
606233.0,IP0000032,SALMEFLO 25MG/125MCG MDI,411.75,440.0,123.525,288.225,257.34375,GOODS12,BU2,143.63
606232.0,IP0000033,SALMEFLO 25MG/250MCG MDI,596.88,619.0,179.064,417.816,373.05,GOODS12,BU2,156.79
606237.0,IP0000081,SALMEFLO 50MCG/250MCG CAP W/O,535.6,520.0,160.68,374.92,334.75,GOODS12,BU2,92.86
606236.0,IP0000012,SALMEFLO 50MCG/250MCG w/Device,554.14,538.0,166.242,387.898,346.3375,GOODS12,BU2,142.86
606230.0,IP0000039,SALMEFLO 50MCG/500MCG DPI CAP,798.66,783.0,239.598,559.062,499.1625,GOODS12,BU2,169.64
606238.0,IP0000082,SALMEFLO 50MCG/500MCG DPI W/O,741.6,720.0,222.48,519.12,463.5,GOODS12,BU2,116.07
606235.0,IP0000035,SNIZEE 12.5MG/4MG/5ML SYR 60ML,93.5,0.0,28.05,65.45,58.4375,GOODS12,,
606234.0,IP0000036,SNIZEE 6.25MG/2MG DROPS x 15ML,90.2,0.0,27.06,63.14,56.375,GOODS12,,
237266.0,IP0000059,SULFAST 2MG TABLET x 30's,412.5,412.5,123.75,288.75,288.75,EXEMPT,BU1,
237267.0,IP0000060,SULFAST 3MG TABLET x 30's,660.0,660.0,198.0,462.0,462.0,EXEMPT,BU1,
237268.0,IP0000061,SULFAST 4MG TABLET x 30's,736.61,736.61,220.983,515.627,515.627,EXEMPT,BU1,101.12
802356.0,IP0000008,SUMIGRAN 50MG FCTABLET x 30's,4019.4,0.0,1205.82,2813.58,2512.125,GOODS12,,
606291.0,IP0000212,TEMSOL 200 200MCG ECTABLETx30',600.0,0.0,180.0,420.0,375.0,GOODS12,BU2,53.57
606290.0,IP0000211,TEMSOL 400MCG ECTABLET x 30's,990.0,0.0,297.0,693.0,618.75,GOODS12,BU2,107.14
309531.0,AIP000001,TRIFIXIME 200MG CAPSULE x 50's,3950.0,3950.0,1185.0,2765.0,2468.75,GOODS12,BU2,513.39004
307608.0,IP0000093,TRIPGEN 25MG X 100'S,3500.0,4017.86,1050.0,2450.0,2450.0,EXEMPT,BU4,625.0
307610.0,IP0000178,URLYX 250MG CAPSULE x 100's,4300.0,4200.0,1290.0,3010.0,2687.5,GOODS12,BU4,982.14
243954.0,IP0000161,VALIANZ 10MG/160MG x 21's,990.0,990.0,297.0,693.0,693.0,EXEMPT,BU1,159.38
243953.0,IP0000160,VALIANZ 5MG/160MG x 21's,990.0,990.0,297.0,693.0,693.0,EXEMPT,BU1,150.0
243955.0,IP0000176,VALIANZ 5MG/80MG FCTABLET 30's,990.0,942.86,297.0,693.0,693.0,EXEMPT,BU1,160.71
243951.0,IP0000044,VERT 16MG FCTABLET x 100's,2850.0,2850.0,855.0,1995.0,1781.25,GOODS12,BU2,290.18
243952.0,IP0000090,VERT 24MG FCTABLET x 100's,4850.0,4850.0,1455.0,3395.0,3031.25,GOODS12,BU2,446.43
243950.0,IP0000045,VERT 8MG FCTABLET x 100's,2300.0,2300.0,690.0,1610.0,1437.5,GOODS12,BU2,200.89
606295.0,IP0000038,ZEFUR 750MG POWDER FOR INJ 10s,3360.0,2850.0,1008.0,2352.0,2100.0,GOODS12,BU2,892.86
313785.0,10000006,Zinc 10mg Chewable Tablet x 30's,135.0,135.0,40.5,94.5,84.375,GOODS12,DR ZENS,
244001.0,IP0000174,ZOLGEN 500MCG TABLET x 100's,1600.0,1517.86,480.0,1120.0,1120.0,EXEMPT,BU4,267.86
243998.0,IP0000040,ZUNAMYN 375MG FCTABLET x 100's,3554.0,3450.0,1066.2,2487.8,2221.25,GOODS12,BU2,915.18
243999.0,IP0000041,ZUNAMYN 750MG FCTABLET x 50's,3100.0,2900.0,930.0,2170.0,1937.5,GOODS12,BU2,937.5
243997.0,IP0000094,ZYZYX 75MG CAPSULE x 20's,600.0,600.0,180.0,420.0,420.0,EXEMPT,BU4,71.43
802332.0,IP0000063,ESOMEP 40MG FCTABLET x 14's,784.0,770.0,235.2,548.8,490.0,GOODS12,BU4,65.63
313735.0,10000020,IVERMECTIN 6MG TAB x 100's,2250.0,2250.0,675.0,1575.0,1406.25,GOODS12,DR ZENS,
313736.0,10000021,IVERMECTIN 12MG TAB x 100's,2232.14,2232.14,669.642,1562.498,1562.498,EXEMPT,DR ZENS,
313737.0,10000022,IVERMECTIN 15MG TAB x 100's,2700.0,2700.0,810.0,1890.0,1687.5,GOODS12,DR ZENS,
313701.0,10000018,ASCORBIC ACID+ZINC 500MG/10MG CAPS 100's,600.0,600.0,180.0,420.0,375.0,GOODS12,DR ZENS,
313780.0,10000019,Dr. Zen's Quercetin 500mg FCTab x 80's,1440.0,,432.0,1008.0,900.0,GOODS12,DR ZENS,
307613.0,IP0000229,AMLODINE HD 5mg/20mg FCTx30's,540.0,,162.0,378.0,378.0,EXEMPT,BU1,135.0
307615.0,IP0000231,AMLODINE HD 10mg/20mg FCTx30's,615.0,,184.5,430.5,430.5,EXEMPT,BU1,148.5
307720.0,IP0000226,ProNorm 10mg FCT x 30's,283.5,,89.23998825,194.2600118,194.2600118,EXEMPT,BU1,29.46
307733.0,IP0000159,VALIANZ HCT 80MG/12.5MG x 30's,615.0,,184.5,430.5,430.5,EXEMPT,BU1,165.0
313710.0,10000024,DR.ZEN ASCORA+D3+ZN CAP 100's,1025.0,,307.5,717.5,640.625,GOODS12,DR ZENS,
237150.0,, Restolax Tab 325mg/200mg   100,,,,,,GOODS12,EUROHEALTH,
307721.0,IP0000227,ProNorm 40mg FCT x 30's,454.5,,139.4896885,315.0103115,315.0103115,EXEMPT,BU1,43.5
307640.0,IP0000262,DOXOPRO 400MG TABLET x 50's,1000.0,,300.0,700.0,625.0,GOODS12,BU2,183.04
313738.0,10000030,MOLNUPIRAVIR DRZENCAP400MG 100,14000.0,,4200.0,9800.0,9800.0,EXEMPT,DR ZENS,
307616.0,IP0000260,MET-A-DAY 1G ERT x 100's,1100.0,,330.0,770.0,770.0,EXEMPT,BU1,223.21
606081.0,IP0000192,CLAVOXEL BID 400MG/57MG/5ML x 70mL,352.8,,105.84,246.96,220.5,GOODS12,BU2,98.21
307617.0,IP0000204,ADIVIA 50MG FCOATED TAB 30'S,1057.5,,317.25,740.25,740.25,EXEMPT,BU1,187.5
307618.0,IP0000205,ADIVIA 100MG FCOATED TAB 30'S,1065.0,,319.5,745.5,745.5,EXEMPT,BU1,187.5
307650.0,IP0000270,LevoGen 30mg/5mL Syrup x 120mL,688.0,,206.4,481.6,430.0,GOODS12,BU2,93.75
307619.0,IP0000274,ADIVIA MET 50mg/500mg FCTABLET x 21's,414.75,,124.425,290.325,290.325,EXEMPT,BU1,120.75
307621.0,IP0000273,ADIVIA MET 1g/50mg FCTABLET x 21's,414.75,,124.425,290.325,290.325,EXEMPT,BU1,126.0
307665.0,IP0000269,PREG-M 75mg/750mg Capsule x 100's,3500.0,,1050.0,2450.0,2450.0,EXEMPT,BU4,670.0
307686.0,IP0000276,TADAH FORTE 20mg Film Coated Tablet x 2's,300.0,,90.0,210.0,210.0,EXEMPT,BU4,37.0
606153.0,IP0000261,LEVIT IV 500MG/5ML SOL.FOR INJ x1's,2600.0,,780.0,1820.0,1625.0,GOODS12,BU4,430.3
361755.0,IP0000278,DAPA-Z 10MG FILM COATED TABLET x 30's,1050.0,,315.0,735.0,735.0,EXEMPT,BU1,285.0
307624.0,IP0000275,FLORANORM-C ODT B.CLAUSII 2B CFU TAB x 100's,2900.0,,870.0,2030.0,1812.5,GOODS12,BU4,379.46
802333.0,IP0000282,BRICOR 90MG FILM COATED TABLET x 60's,3360.0,,1008.0,2352.0,2100.0,GOODS12,BU1,991.07
802334.0,IP0000285,VENOX 450mg/50mg FILM COATED TABLET x 30's,1050.0,,315.0,735.0,656.25,GOODS12,BU4,167.41
802363.0,IP0000284,TRACY 37.5MG/325MG FILM COATED TABLET x 30's,750.0,,225.0,525.0,468.75,GOODS12,BU4,93.75
307628.0,IP0000287,ARIGEN 5MG TABLET x 100's,6000.0,,1800.0,4200.0,4200.0,EXEMPT,BU4,972.0
307630.0,IP0000286,ARIGEN 10MG TABLET x 100's,9600.0,,2880.0,6720.0,6720.0,EXEMPT,BU4,1970.0
802328.0,IP0000290,ERTAX 1G LYOPHILIZED POWDER FOR INJ. (I.M/I.V INFUSION)x1's,2868.0,,860.4,2007.6,1792.5,GOODS12,BU2,750.0
802336.0,IP0000289,URLYX 500MG FILM COATED TABLET x 100's,7200.0,,2160.0,5040.0,4500.0,GOODS12,BU4,1071.43
606082.0,IP0000292,CLAVOXEL 1G FILM COATED TABLET x 10's,660.0,,198.0,462.0,412.5,GOODS12,BU2,130.0
802335.0,IP0000293,VENOX 900MG/100MG TABLET x 30's,1350.0,,405.0,945.0,843.75,GOODS12,BU4,348.21
